{"cameraMode":{"drawMode":0,"name":"Shaded","section":"Shading Mode"},"sceneLighting":true,"audioPlay":false,"sceneViewState":{"m_AlwaysRefresh":false,"showFog":true,"showSkybox":true,"showFlares":true,"showImageEffects":true,"showParticleSystems":true,"showVisualEffectGraphs":true,"m_FxEnabled":true},"in2DMode":false,"pivot":{"x":-0.9952467679977417,"y":1.5329875946044922,"z":-1.7262215614318848},"rotation":{"x":-0.7337411642074585,"y":0.002443887759000063,"z":-0.0026400252245366575,"w":-0.6794314384460449},"size":10.32128620147705,"orthographic":false}