{"cameraMode":{"drawMode":0,"name":"Shaded","section":"Shading Mode"},"sceneLighting":true,"audioPlay":false,"sceneViewState":{"m_AlwaysRefresh":false,"showFog":true,"showSkybox":true,"showFlares":true,"showImageEffects":true,"showParticleSystems":true,"showVisualEffectGraphs":true,"m_FxEnabled":true},"in2DMode":false,"pivot":{"x":1.4973140954971314,"y":6.167786598205566,"z":-0.3893136978149414},"rotation":{"x":0.0258558988571167,"y":0.970231294631958,"z":-0.20863401889801026,"w":0.12024056166410446},"size":3.6020753383636476,"orthographic":false}