{"cameraMode":{"drawMode":0,"name":"Shaded","section":"Shading Mode"},"sceneLighting":true,"audioPlay":false,"sceneViewState":{"m_AlwaysRefresh":false,"showFog":true,"showSkybox":true,"showFlares":true,"showImageEffects":true,"showParticleSystems":true,"showVisualEffectGraphs":true,"m_FxEnabled":true},"in2DMode":false,"pivot":{"x":-4.072042465209961,"y":1.5286931991577149,"z":-2.2320709228515627},"rotation":{"x":0.27623337507247927,"y":-0.012974053621292115,"z":0.003729373449459672,"w":0.9609973430633545},"size":8.60282039642334,"orthographic":false}