{"cameraMode":{"drawMode":0,"name":"Shaded","section":"Shading Mode"},"sceneLighting":true,"audioPlay":false,"sceneViewState":{"m_AlwaysRefresh":false,"showFog":true,"showSkybox":true,"showFlares":true,"showImageEffects":true,"showParticleSystems":true,"showVisualEffectGraphs":true,"m_FxEnabled":true},"in2DMode":false,"pivot":{"x":-2.0731732845306398,"y":-9.128276824951172,"z":0.33771955966949465},"rotation":{"x":-0.7264840602874756,"y":0.010716438293457032,"z":-0.011332245543599129,"w":-0.6870192289352417},"size":18.921701431274415,"orthographic":false}